{
  "fit_params": {
    "C_fisher": 0.5534906069996343,
    "alpha": -0.011199595085543006,
    "beta": -0.5165611907190124,
    "p": 0.06882112762718195,
    "q": 0.009563251796467352
  },
  "fit_ci": {
    "C_fisher": [
      -195.4698105407717,
      196.576791754771
    ],
    "alpha": [
      -11.863994049333678,
      11.841594859162592
    ],
    "beta": [
      -173.46600552481465,
      172.4328831433766
    ],
    "p": [
      -69.74200234438645,
      69.87964459964083
    ],
    "q": [
      -6.739939721489205,
      6.759066225082139
    ]
  }
}