lambda,sensitivity
0.0,0.027384939739404698
0.01,0.008283331200612252
0.05,0.004014055990906899
0.1,0.0036588268188918385
